,game_id,play_id,player_to_predict,nfl_id,frame_id,play_direction,absolute_yardline_number,player_name,player_height,player_weight,player_birth_date,player_position,player_side,player_role,x,y,s,a,dir,o,num_frames_output,ball_land_x,ball_land_y,week
7552,2023090700,1679,True,44888,1,right,46,Alex Anzalone,6-3,240,1994-09-22,OLB,Defense,Defensive Coverage,50.85,32.14,0.1,0.83,103.32,261.49,18,76.4000015258789,25.6299991607666,1
7553,2023090700,1679,True,44888,2,right,46,Alex Anzalone,6-3,240,1994-09-22,OLB,Defense,Defensive Coverage,50.86,32.15,0.22,1.34,41.14,262.72,18,76.4000015258789,25.6299991607666,1
7554,2023090700,1679,True,44888,3,right,46,Alex Anzalone,6-3,240,1994-09-22,OLB,Defense,Defensive Coverage,50.88,32.18,0.39,1.23,31.48,263.59,18,76.4000015258789,25.6299991607666,1
7555,2023090700,1679,True,44888,4,right,46,Alex Anzalone,6-3,240,1994-09-22,OLB,Defense,Defensive Coverage,50.91,32.23,0.58,1.32,30.28,264.53,18,76.4000015258789,25.6299991607666,1
7556,2023090700,1679,True,44888,5,right,46,Alex Anzalone,6-3,240,1994-09-22,OLB,Defense,Defensive Coverage,50.95,32.3,0.88,1.75,26.11,270.12,18,76.4000015258789,25.6299991607666,1
7557,2023090700,1679,True,44888,6,right,46,Alex Anzalone,6-3,240,1994-09-22,OLB,Defense,Defensive Coverage,51.0,32.39,1.07,1.75,29.16,273.31,18,76.4000015258789,25.6299991607666,1
7558,2023090700,1679,True,44888,7,right,46,Alex Anzalone,6-3,240,1994-09-22,OLB,Defense,Defensive Coverage,51.06,32.49,1.28,1.74,29.79,276.68,18,76.4000015258789,25.6299991607666,1
7559,2023090700,1679,True,44888,8,right,46,Alex Anzalone,6-3,240,1994-09-22,OLB,Defense,Defensive Coverage,51.14,32.61,1.59,1.94,33.51,284.47,18,76.4000015258789,25.6299991607666,1
7560,2023090700,1679,True,44888,9,right,46,Alex Anzalone,6-3,240,1994-09-22,OLB,Defense,Defensive Coverage,51.24,32.75,1.84,1.94,37.19,289.46,18,76.4000015258789,25.6299991607666,1
7561,2023090700,1679,True,44888,10,right,46,Alex Anzalone,6-3,240,1994-09-22,OLB,Defense,Defensive Coverage,51.37,32.91,2.11,2.01,39.41,294.16,18,76.4000015258789,25.6299991607666,1
7562,2023090700,1679,True,44888,11,right,46,Alex Anzalone,6-3,240,1994-09-22,OLB,Defense,Defensive Coverage,51.51,33.08,2.34,1.86,40.74,297.48,18,76.4000015258789,25.6299991607666,1
7563,2023090700,1679,True,44888,12,right,46,Alex Anzalone,6-3,240,1994-09-22,OLB,Defense,Defensive Coverage,51.68,33.26,2.55,1.7,43.41,300.85,18,76.4000015258789,25.6299991607666,1
7564,2023090700,1679,True,44888,13,right,46,Alex Anzalone,6-3,240,1994-09-22,OLB,Defense,Defensive Coverage,51.87,33.45,2.74,1.49,45.13,302.44,18,76.4000015258789,25.6299991607666,1
7565,2023090700,1679,True,44888,14,right,46,Alex Anzalone,6-3,240,1994-09-22,OLB,Defense,Defensive Coverage,52.07,33.65,2.86,1.19,47.08,302.44,18,76.4000015258789,25.6299991607666,1
7566,2023090700,1679,True,44888,15,right,46,Alex Anzalone,6-3,240,1994-09-22,OLB,Defense,Defensive Coverage,52.29,33.84,2.98,0.97,48.67,302.44,18,76.4000015258789,25.6299991607666,1
7567,2023090700,1679,True,44888,16,right,46,Alex Anzalone,6-3,240,1994-09-22,OLB,Defense,Defensive Coverage,52.52,34.05,3.11,0.74,48.96,300.02,18,76.4000015258789,25.6299991607666,1
7568,2023090700,1679,True,44888,17,right,46,Alex Anzalone,6-3,240,1994-09-22,OLB,Defense,Defensive Coverage,52.76,34.25,3.11,0.54,50.63,299.01,18,76.4000015258789,25.6299991607666,1
7569,2023090700,1679,True,44888,18,right,46,Alex Anzalone,6-3,240,1994-09-22,OLB,Defense,Defensive Coverage,53.01,34.43,3.08,0.78,53.44,296.39,18,76.4000015258789,25.6299991607666,1
7570,2023090700,1679,True,44888,19,right,46,Alex Anzalone,6-3,240,1994-09-22,OLB,Defense,Defensive Coverage,53.26,34.59,2.99,1.41,58.47,296.39,18,76.4000015258789,25.6299991607666,1
7571,2023090700,1679,True,44888,20,right,46,Alex Anzalone,6-3,240,1994-09-22,OLB,Defense,Defensive Coverage,53.52,34.73,2.89,2.01,63.06,293.55,18,76.4000015258789,25.6299991607666,1
7572,2023090700,1679,True,44888,21,right,46,Alex Anzalone,6-3,240,1994-09-22,OLB,Defense,Defensive Coverage,53.78,34.84,2.79,2.38,69.28,290.13,18,76.4000015258789,25.6299991607666,1
7573,2023090700,1679,True,44888,22,right,46,Alex Anzalone,6-3,240,1994-09-22,OLB,Defense,Defensive Coverage,54.05,34.91,2.76,2.94,78.88,282.98,18,76.4000015258789,25.6299991607666,1
7574,2023090700,1679,True,44888,23,right,46,Alex Anzalone,6-3,240,1994-09-22,OLB,Defense,Defensive Coverage,54.33,34.93,2.74,3.29,88.62,280.36,18,76.4000015258789,25.6299991607666,1
7575,2023090700,1679,True,44888,24,right,46,Alex Anzalone,6-3,240,1994-09-22,OLB,Defense,Defensive Coverage,54.6,34.91,2.81,3.39,97.86,277.97,18,76.4000015258789,25.6299991607666,1
7576,2023090700,1679,True,44888,25,right,46,Alex Anzalone,6-3,240,1994-09-22,OLB,Defense,Defensive Coverage,54.88,34.84,2.92,3.38,106.27,275.82,18,76.4000015258789,25.6299991607666,1
7577,2023090700,1679,True,44888,26,right,46,Alex Anzalone,6-3,240,1994-09-22,OLB,Defense,Defensive Coverage,55.17,34.73,3.09,3.36,114.66,273.22,18,76.4000015258789,25.6299991607666,1
7578,2023090700,1679,True,44888,27,right,46,Alex Anzalone,6-3,240,1994-09-22,OLB,Defense,Defensive Coverage,55.45,34.57,3.25,3.15,121.11,271.58,18,76.4000015258789,25.6299991607666,1
7579,2023090700,1679,True,44888,28,right,46,Alex Anzalone,6-3,240,1994-09-22,OLB,Defense,Defensive Coverage,55.73,34.37,3.53,3.07,127.14,269.44,18,76.4000015258789,25.6299991607666,1
7580,2023090700,1679,True,44888,29,right,46,Alex Anzalone,6-3,240,1994-09-22,OLB,Defense,Defensive Coverage,56.02,34.12,3.9,3.11,132.1,264.26,18,76.4000015258789,25.6299991607666,1
7581,2023090700,1679,True,44888,30,right,46,Alex Anzalone,6-3,240,1994-09-22,OLB,Defense,Defensive Coverage,56.32,33.83,4.2,2.86,135.44,262.09,18,76.4000015258789,25.6299991607666,1
7582,2023090700,1679,True,44888,31,right,46,Alex Anzalone,6-3,240,1994-09-22,OLB,Defense,Defensive Coverage,56.62,33.51,4.49,2.59,137.88,258.73,18,76.4000015258789,25.6299991607666,1
7583,2023090700,1679,False,55910,1,right,46,Brian Branch,6-0,193,2001-10-22,SS,Defense,Defensive Coverage,50.82,20.28,0.73,0.61,6.3,318.47,18,76.4000015258789,25.6299991607666,1
7584,2023090700,1679,False,55910,2,right,46,Brian Branch,6-0,193,2001-10-22,SS,Defense,Defensive Coverage,50.83,20.34,0.61,0.89,9.75,308.66,18,76.4000015258789,25.6299991607666,1
7585,2023090700,1679,False,55910,3,right,46,Brian Branch,6-0,193,2001-10-22,SS,Defense,Defensive Coverage,50.85,20.38,0.35,1.65,35.23,299.35,18,76.4000015258789,25.6299991607666,1
7586,2023090700,1679,False,55910,4,right,46,Brian Branch,6-0,193,2001-10-22,SS,Defense,Defensive Coverage,50.89,20.39,0.4,2.41,100.3,286.66,18,76.4000015258789,25.6299991607666,1
7587,2023090700,1679,False,55910,5,right,46,Brian Branch,6-0,193,2001-10-22,SS,Defense,Defensive Coverage,50.93,20.35,0.8,3.28,136.89,255.56,18,76.4000015258789,25.6299991607666,1
7588,2023090700,1679,False,55910,6,right,46,Brian Branch,6-0,193,2001-10-22,SS,Defense,Defensive Coverage,50.99,20.27,1.26,3.82,148.1,235.44,18,76.4000015258789,25.6299991607666,1
7589,2023090700,1679,False,55910,7,right,46,Brian Branch,6-0,193,2001-10-22,SS,Defense,Defensive Coverage,51.07,20.12,1.82,4.0,154.35,219.34,18,76.4000015258789,25.6299991607666,1
7590,2023090700,1679,False,55910,8,right,46,Brian Branch,6-0,193,2001-10-22,SS,Defense,Defensive Coverage,51.16,19.93,2.32,3.84,156.17,211.86,18,76.4000015258789,25.6299991607666,1
7591,2023090700,1679,False,55910,9,right,46,Brian Branch,6-0,193,2001-10-22,SS,Defense,Defensive Coverage,51.26,19.69,2.8,3.67,157.24,204.28,18,76.4000015258789,25.6299991607666,1
7592,2023090700,1679,False,55910,10,right,46,Brian Branch,6-0,193,2001-10-22,SS,Defense,Defensive Coverage,51.39,19.39,3.42,3.71,157.59,203.39,18,76.4000015258789,25.6299991607666,1
7593,2023090700,1679,False,55910,11,right,46,Brian Branch,6-0,193,2001-10-22,SS,Defense,Defensive Coverage,51.52,19.04,3.87,3.36,158.4,196.08,18,76.4000015258789,25.6299991607666,1
7594,2023090700,1679,False,55910,12,right,46,Brian Branch,6-0,193,2001-10-22,SS,Defense,Defensive Coverage,51.68,18.66,4.32,3.07,158.41,193.28,18,76.4000015258789,25.6299991607666,1
7595,2023090700,1679,False,55910,13,right,46,Brian Branch,6-0,193,2001-10-22,SS,Defense,Defensive Coverage,51.85,18.23,4.71,2.73,158.44,193.28,18,76.4000015258789,25.6299991607666,1
7596,2023090700,1679,False,55910,14,right,46,Brian Branch,6-0,193,2001-10-22,SS,Defense,Defensive Coverage,52.03,17.77,5.06,2.35,158.15,203.12,18,76.4000015258789,25.6299991607666,1
7597,2023090700,1679,False,55910,15,right,46,Brian Branch,6-0,193,2001-10-22,SS,Defense,Defensive Coverage,52.23,17.29,5.3,1.84,157.95,214.76,18,76.4000015258789,25.6299991607666,1
7598,2023090700,1679,False,55910,16,right,46,Brian Branch,6-0,193,2001-10-22,SS,Defense,Defensive Coverage,52.43,16.8,5.44,1.19,157.22,220.09,18,76.4000015258789,25.6299991607666,1
7599,2023090700,1679,False,55910,17,right,46,Brian Branch,6-0,193,2001-10-22,SS,Defense,Defensive Coverage,52.66,16.29,5.62,0.97,156.05,233.41,18,76.4000015258789,25.6299991607666,1
7600,2023090700,1679,False,55910,18,right,46,Brian Branch,6-0,193,2001-10-22,SS,Defense,Defensive Coverage,52.91,15.78,5.7,0.94,154.1,246.66,18,76.4000015258789,25.6299991607666,1
7601,2023090700,1679,False,55910,19,right,46,Brian Branch,6-0,193,2001-10-22,SS,Defense,Defensive Coverage,53.17,15.25,5.86,0.88,153.57,257.6,18,76.4000015258789,25.6299991607666,1
7602,2023090700,1679,False,55910,20,right,46,Brian Branch,6-0,193,2001-10-22,SS,Defense,Defensive Coverage,53.44,14.73,5.89,0.75,152.78,264.14,18,76.4000015258789,25.6299991607666,1
7603,2023090700,1679,False,55910,21,right,46,Brian Branch,6-0,193,2001-10-22,SS,Defense,Defensive Coverage,53.7,14.2,5.88,0.59,152.56,269.42,18,76.4000015258789,25.6299991607666,1
7604,2023090700,1679,False,55910,22,right,46,Brian Branch,6-0,193,2001-10-22,SS,Defense,Defensive Coverage,53.97,13.68,5.88,0.58,152.32,276.53,18,76.4000015258789,25.6299991607666,1
7605,2023090700,1679,False,55910,23,right,46,Brian Branch,6-0,193,2001-10-22,SS,Defense,Defensive Coverage,54.25,13.15,5.88,0.58,152.32,281.58,18,76.4000015258789,25.6299991607666,1
7606,2023090700,1679,False,55910,24,right,46,Brian Branch,6-0,193,2001-10-22,SS,Defense,Defensive Coverage,54.52,12.64,5.81,0.85,152.23,286.11,18,76.4000015258789,25.6299991607666,1
7607,2023090700,1679,False,55910,25,right,46,Brian Branch,6-0,193,2001-10-22,SS,Defense,Defensive Coverage,54.78,12.12,5.74,1.11,153.38,292.58,18,76.4000015258789,25.6299991607666,1
7608,2023090700,1679,False,55910,26,right,46,Brian Branch,6-0,193,2001-10-22,SS,Defense,Defensive Coverage,55.04,11.61,5.66,1.19,152.82,304.04,18,76.4000015258789,25.6299991607666,1
7609,2023090700,1679,False,55910,27,right,46,Brian Branch,6-0,193,2001-10-22,SS,Defense,Defensive Coverage,55.3,11.11,5.57,1.27,153.03,314.68,18,76.4000015258789,25.6299991607666,1
7610,2023090700,1679,False,55910,28,right,46,Brian Branch,6-0,193,2001-10-22,SS,Defense,Defensive Coverage,55.55,10.62,5.43,1.46,152.38,326.26,18,76.4000015258789,25.6299991607666,1
7611,2023090700,1679,False,55910,29,right,46,Brian Branch,6-0,193,2001-10-22,SS,Defense,Defensive Coverage,55.8,10.15,5.28,1.65,152.14,331.86,18,76.4000015258789,25.6299991607666,1
7612,2023090700,1679,False,55910,30,right,46,Brian Branch,6-0,193,2001-10-22,SS,Defense,Defensive Coverage,56.04,9.7,5.07,2.01,150.59,349.75,18,76.4000015258789,25.6299991607666,1
7613,2023090700,1679,False,55910,31,right,46,Brian Branch,6-0,193,2001-10-22,SS,Defense,Defensive Coverage,56.3,9.26,4.9,2.26,148.46,357.01,18,76.4000015258789,25.6299991607666,1
7614,2023090700,1679,True,47888,1,right,46,C.J. Gardner-Johnson,5-11,208,1997-12-20,SS,Defense,Defensive Coverage,56.56,28.26,0.05,0.38,39.46,276.89,18,76.4000015258789,25.6299991607666,1
7615,2023090700,1679,True,47888,2,right,46,C.J. Gardner-Johnson,5-11,208,1997-12-20,SS,Defense,Defensive Coverage,56.56,28.24,0.08,0.3,139.6,276.89,18,76.4000015258789,25.6299991607666,1
7616,2023090700,1679,True,47888,3,right,46,C.J. Gardner-Johnson,5-11,208,1997-12-20,SS,Defense,Defensive Coverage,56.57,28.2,0.19,0.22,159.39,274.94,18,76.4000015258789,25.6299991607666,1
7617,2023090700,1679,True,47888,4,right,46,C.J. Gardner-Johnson,5-11,208,1997-12-20,SS,Defense,Defensive Coverage,56.58,28.17,0.23,0.12,157.81,274.94,18,76.4000015258789,25.6299991607666,1
7618,2023090700,1679,True,47888,5,right,46,C.J. Gardner-Johnson,5-11,208,1997-12-20,SS,Defense,Defensive Coverage,56.59,28.17,0.21,0.05,153.45,273.81,18,76.4000015258789,25.6299991607666,1
7619,2023090700,1679,True,47888,6,right,46,C.J. Gardner-Johnson,5-11,208,1997-12-20,SS,Defense,Defensive Coverage,56.6,28.15,0.2,0.04,153.2,271.04,18,76.4000015258789,25.6299991607666,1
7620,2023090700,1679,True,47888,7,right,46,C.J. Gardner-Johnson,5-11,208,1997-12-20,SS,Defense,Defensive Coverage,56.62,28.14,0.18,0.22,142.39,269.51,18,76.4000015258789,25.6299991607666,1
7621,2023090700,1679,True,47888,8,right,46,C.J. Gardner-Johnson,5-11,208,1997-12-20,SS,Defense,Defensive Coverage,56.63,28.13,0.17,0.33,135.86,267.78,18,76.4000015258789,25.6299991607666,1
7622,2023090700,1679,True,47888,9,right,46,C.J. Gardner-Johnson,5-11,208,1997-12-20,SS,Defense,Defensive Coverage,56.65,28.12,0.2,0.43,119.84,266.22,18,76.4000015258789,25.6299991607666,1
7623,2023090700,1679,True,47888,10,right,46,C.J. Gardner-Johnson,5-11,208,1997-12-20,SS,Defense,Defensive Coverage,56.67,28.11,0.27,0.67,98.0,265.07,18,76.4000015258789,25.6299991607666,1
7624,2023090700,1679,True,47888,11,right,46,C.J. Gardner-Johnson,5-11,208,1997-12-20,SS,Defense,Defensive Coverage,56.71,28.11,0.41,0.92,92.8,263.81,18,76.4000015258789,25.6299991607666,1
7625,2023090700,1679,True,47888,12,right,46,C.J. Gardner-Johnson,5-11,208,1997-12-20,SS,Defense,Defensive Coverage,56.75,28.11,0.57,1.21,88.02,262.75,18,76.4000015258789,25.6299991607666,1
7626,2023090700,1679,True,47888,13,right,46,C.J. Gardner-Johnson,5-11,208,1997-12-20,SS,Defense,Defensive Coverage,56.82,28.12,0.71,1.25,82.89,261.19,18,76.4000015258789,25.6299991607666,1
7627,2023090700,1679,True,47888,14,right,46,C.J. Gardner-Johnson,5-11,208,1997-12-20,SS,Defense,Defensive Coverage,56.9,28.13,0.9,1.38,82.92,259.51,18,76.4000015258789,25.6299991607666,1
7628,2023090700,1679,True,47888,15,right,46,C.J. Gardner-Johnson,5-11,208,1997-12-20,SS,Defense,Defensive Coverage,57.0,28.14,1.09,1.5,84.2,260.51,18,76.4000015258789,25.6299991607666,1
7629,2023090700,1679,True,47888,16,right,46,C.J. Gardner-Johnson,5-11,208,1997-12-20,SS,Defense,Defensive Coverage,57.11,28.15,1.26,1.51,85.95,260.51,18,76.4000015258789,25.6299991607666,1
7630,2023090700,1679,True,47888,17,right,46,C.J. Gardner-Johnson,5-11,208,1997-12-20,SS,Defense,Defensive Coverage,57.25,28.16,1.48,1.58,88.18,261.29,18,76.4000015258789,25.6299991607666,1
7631,2023090700,1679,True,47888,18,right,46,C.J. Gardner-Johnson,5-11,208,1997-12-20,SS,Defense,Defensive Coverage,57.41,28.16,1.69,1.7,93.68,259.75,18,76.4000015258789,25.6299991607666,1
7632,2023090700,1679,True,47888,19,right,46,C.J. Gardner-Johnson,5-11,208,1997-12-20,SS,Defense,Defensive Coverage,57.59,28.14,1.86,1.65,97.59,261.06,18,76.4000015258789,25.6299991607666,1
7633,2023090700,1679,True,47888,20,right,46,C.J. Gardner-Johnson,5-11,208,1997-12-20,SS,Defense,Defensive Coverage,57.78,28.11,1.96,1.41,100.56,262.97,18,76.4000015258789,25.6299991607666,1
7634,2023090700,1679,True,47888,21,right,46,C.J. Gardner-Johnson,5-11,208,1997-12-20,SS,Defense,Defensive Coverage,57.98,28.07,2.12,1.32,103.27,261.76,18,76.4000015258789,25.6299991607666,1
7635,2023090700,1679,True,47888,22,right,46,C.J. Gardner-Johnson,5-11,208,1997-12-20,SS,Defense,Defensive Coverage,58.19,28.01,2.24,1.23,106.92,261.76,18,76.4000015258789,25.6299991607666,1
7636,2023090700,1679,True,47888,23,right,46,C.J. Gardner-Johnson,5-11,208,1997-12-20,SS,Defense,Defensive Coverage,58.41,27.93,2.39,1.29,110.49,263.21,18,76.4000015258789,25.6299991607666,1
7637,2023090700,1679,True,47888,24,right,46,C.J. Gardner-Johnson,5-11,208,1997-12-20,SS,Defense,Defensive Coverage,58.65,27.83,2.59,1.3,112.8,260.25,18,76.4000015258789,25.6299991607666,1
7638,2023090700,1679,True,47888,25,right,46,C.J. Gardner-Johnson,5-11,208,1997-12-20,SS,Defense,Defensive Coverage,58.9,27.72,2.79,1.38,115.71,254.38,18,76.4000015258789,25.6299991607666,1
7639,2023090700,1679,True,47888,26,right,46,C.J. Gardner-Johnson,5-11,208,1997-12-20,SS,Defense,Defensive Coverage,59.16,27.59,2.95,1.25,117.44,252.59,18,76.4000015258789,25.6299991607666,1
7640,2023090700,1679,True,47888,27,right,46,C.J. Gardner-Johnson,5-11,208,1997-12-20,SS,Defense,Defensive Coverage,59.43,27.45,3.11,1.08,117.91,251.77,18,76.4000015258789,25.6299991607666,1
7641,2023090700,1679,True,47888,28,right,46,C.J. Gardner-Johnson,5-11,208,1997-12-20,SS,Defense,Defensive Coverage,59.73,27.3,3.29,0.88,117.27,253.97,18,76.4000015258789,25.6299991607666,1
7642,2023090700,1679,True,47888,29,right,46,C.J. Gardner-Johnson,5-11,208,1997-12-20,SS,Defense,Defensive Coverage,60.03,27.16,3.41,0.75,115.34,252.02,18,76.4000015258789,25.6299991607666,1
7643,2023090700,1679,True,47888,30,right,46,C.J. Gardner-Johnson,5-11,208,1997-12-20,SS,Defense,Defensive Coverage,60.35,27.01,3.51,0.77,113.63,253.98,18,76.4000015258789,25.6299991607666,1
7644,2023090700,1679,True,47888,31,right,46,C.J. Gardner-Johnson,5-11,208,1997-12-20,SS,Defense,Defensive Coverage,60.69,26.87,3.63,0.87,112.02,256.14,18,76.4000015258789,25.6299991607666,1
7645,2023090700,1679,True,44906,1,right,46,Cameron Sutton,5-11,188,1995-02-27,CB,Defense,Defensive Coverage,53.48,13.05,0.07,0.07,90.05,293.04,18,76.4000015258789,25.6299991607666,1
7646,2023090700,1679,True,44906,2,right,46,Cameron Sutton,5-11,188,1995-02-27,CB,Defense,Defensive Coverage,53.55,13.07,0.12,0.33,81.0,295.16,18,76.4000015258789,25.6299991607666,1
7647,2023090700,1679,True,44906,3,right,46,Cameron Sutton,5-11,188,1995-02-27,CB,Defense,Defensive Coverage,53.6,13.09,0.28,1.78,73.81,307.02,18,76.4000015258789,25.6299991607666,1
7648,2023090700,1679,True,44906,4,right,46,Cameron Sutton,5-11,188,1995-02-27,CB,Defense,Defensive Coverage,53.66,13.11,0.61,2.96,69.76,314.85,18,76.4000015258789,25.6299991607666,1
7649,2023090700,1679,True,44906,5,right,46,Cameron Sutton,5-11,188,1995-02-27,CB,Defense,Defensive Coverage,53.75,13.14,1.08,3.85,68.62,321.37,18,76.4000015258789,25.6299991607666,1
7650,2023090700,1679,True,44906,6,right,46,Cameron Sutton,5-11,188,1995-02-27,CB,Defense,Defensive Coverage,53.89,13.19,1.64,4.34,69.26,327.8,18,76.4000015258789,25.6299991607666,1
7651,2023090700,1679,True,44906,7,right,46,Cameron Sutton,5-11,188,1995-02-27,CB,Defense,Defensive Coverage,54.11,13.27,2.42,5.24,70.4,335.25,18,76.4000015258789,25.6299991607666,1
7652,2023090700,1679,True,44906,8,right,46,Cameron Sutton,5-11,188,1995-02-27,CB,Defense,Defensive Coverage,54.37,13.36,3.0,4.96,70.85,341.42,18,76.4000015258789,25.6299991607666,1
7653,2023090700,1679,True,44906,9,right,46,Cameron Sutton,5-11,188,1995-02-27,CB,Defense,Defensive Coverage,54.68,13.46,3.52,4.44,71.68,347.15,18,76.4000015258789,25.6299991607666,1
7654,2023090700,1679,True,44906,10,right,46,Cameron Sutton,5-11,188,1995-02-27,CB,Defense,Defensive Coverage,55.05,13.57,4.01,3.88,72.88,353.45,18,76.4000015258789,25.6299991607666,1
7655,2023090700,1679,True,44906,11,right,46,Cameron Sutton,5-11,188,1995-02-27,CB,Defense,Defensive Coverage,55.47,13.69,4.45,3.37,74.35,358.98,18,76.4000015258789,25.6299991607666,1
7656,2023090700,1679,True,44906,12,right,46,Cameron Sutton,5-11,188,1995-02-27,CB,Defense,Defensive Coverage,55.92,13.8,4.82,2.94,75.84,4.97,18,76.4000015258789,25.6299991607666,1
7657,2023090700,1679,True,44906,13,right,46,Cameron Sutton,5-11,188,1995-02-27,CB,Defense,Defensive Coverage,56.41,13.92,5.06,2.14,76.55,9.82,18,76.4000015258789,25.6299991607666,1
7658,2023090700,1679,True,44906,14,right,46,Cameron Sutton,5-11,188,1995-02-27,CB,Defense,Defensive Coverage,56.91,14.03,5.26,1.6,77.86,13.44,18,76.4000015258789,25.6299991607666,1
7659,2023090700,1679,True,44906,15,right,46,Cameron Sutton,5-11,188,1995-02-27,CB,Defense,Defensive Coverage,57.45,14.13,5.45,1.41,79.67,14.78,18,76.4000015258789,25.6299991607666,1
7660,2023090700,1679,True,44906,16,right,46,Cameron Sutton,5-11,188,1995-02-27,CB,Defense,Defensive Coverage,58.0,14.22,5.61,1.41,81.42,14.78,18,76.4000015258789,25.6299991607666,1
7661,2023090700,1679,True,44906,17,right,46,Cameron Sutton,5-11,188,1995-02-27,CB,Defense,Defensive Coverage,58.56,14.3,5.73,1.16,82.42,14.78,18,76.4000015258789,25.6299991607666,1
7662,2023090700,1679,True,44906,18,right,46,Cameron Sutton,5-11,188,1995-02-27,CB,Defense,Defensive Coverage,59.14,14.37,5.8,1.06,83.72,14.78,18,76.4000015258789,25.6299991607666,1
7663,2023090700,1679,True,44906,19,right,46,Cameron Sutton,5-11,188,1995-02-27,CB,Defense,Defensive Coverage,59.72,14.43,5.81,1.0,84.89,18.74,18,76.4000015258789,25.6299991607666,1
7664,2023090700,1679,True,44906,20,right,46,Cameron Sutton,5-11,188,1995-02-27,CB,Defense,Defensive Coverage,60.3,14.47,5.92,0.95,86.06,23.86,18,76.4000015258789,25.6299991607666,1
7665,2023090700,1679,True,44906,21,right,46,Cameron Sutton,5-11,188,1995-02-27,CB,Defense,Defensive Coverage,60.89,14.51,5.95,0.79,86.79,25.79,18,76.4000015258789,25.6299991607666,1
7666,2023090700,1679,True,44906,22,right,46,Cameron Sutton,5-11,188,1995-02-27,CB,Defense,Defensive Coverage,61.5,14.54,6.04,0.65,87.49,27.1,18,76.4000015258789,25.6299991607666,1
7667,2023090700,1679,True,44906,23,right,46,Cameron Sutton,5-11,188,1995-02-27,CB,Defense,Defensive Coverage,62.11,14.56,6.14,0.47,87.83,27.1,18,76.4000015258789,25.6299991607666,1
7668,2023090700,1679,True,44906,24,right,46,Cameron Sutton,5-11,188,1995-02-27,CB,Defense,Defensive Coverage,62.73,14.59,6.35,0.71,87.75,29.7,18,76.4000015258789,25.6299991607666,1
7669,2023090700,1679,True,44906,25,right,46,Cameron Sutton,5-11,188,1995-02-27,CB,Defense,Defensive Coverage,63.37,14.61,6.5,0.87,87.7,34.12,18,76.4000015258789,25.6299991607666,1
7670,2023090700,1679,True,44906,26,right,46,Cameron Sutton,5-11,188,1995-02-27,CB,Defense,Defensive Coverage,64.02,14.64,6.65,0.88,87.73,38.53,18,76.4000015258789,25.6299991607666,1
7671,2023090700,1679,True,44906,27,right,46,Cameron Sutton,5-11,188,1995-02-27,CB,Defense,Defensive Coverage,64.69,14.67,6.79,0.77,87.12,37.75,18,76.4000015258789,25.6299991607666,1
7672,2023090700,1679,True,44906,28,right,46,Cameron Sutton,5-11,188,1995-02-27,CB,Defense,Defensive Coverage,65.38,14.71,6.94,0.87,86.24,30.18,18,76.4000015258789,25.6299991607666,1
7673,2023090700,1679,True,44906,29,right,46,Cameron Sutton,5-11,188,1995-02-27,CB,Defense,Defensive Coverage,66.07,14.77,7.12,1.28,84.79,37.81,18,76.4000015258789,25.6299991607666,1
7674,2023090700,1679,True,44906,30,right,46,Cameron Sutton,5-11,188,1995-02-27,CB,Defense,Defensive Coverage,66.79,14.84,7.29,1.46,83.45,37.81,18,76.4000015258789,25.6299991607666,1
7675,2023090700,1679,True,44906,31,right,46,Cameron Sutton,5-11,188,1995-02-27,CB,Defense,Defensive Coverage,67.52,14.94,7.39,1.54,81.89,35.41,18,76.4000015258789,25.6299991607666,1
7676,2023090700,1679,True,53953,1,right,46,Jerry Jacobs,5-11,198,1997-09-26,CB,Defense,Defensive Coverage,56.75,42.68,0.77,0.18,169.23,198.19,18,76.4000015258789,25.6299991607666,1
7677,2023090700,1679,True,53953,2,right,46,Jerry Jacobs,5-11,198,1997-09-26,CB,Defense,Defensive Coverage,56.77,42.6,0.79,0.07,167.32,196.22,18,76.4000015258789,25.6299991607666,1
7678,2023090700,1679,True,53953,3,right,46,Jerry Jacobs,5-11,198,1997-09-26,CB,Defense,Defensive Coverage,56.81,42.52,0.82,0.38,158.24,196.22,18,76.4000015258789,25.6299991607666,1
7679,2023090700,1679,True,53953,4,right,46,Jerry Jacobs,5-11,198,1997-09-26,CB,Defense,Defensive Coverage,56.85,42.45,0.88,0.71,150.61,196.22,18,76.4000015258789,25.6299991607666,1
7680,2023090700,1679,True,53953,5,right,46,Jerry Jacobs,5-11,198,1997-09-26,CB,Defense,Defensive Coverage,56.9,42.37,0.99,1.11,141.74,197.96,18,76.4000015258789,25.6299991607666,1
7681,2023090700,1679,True,53953,6,right,46,Jerry Jacobs,5-11,198,1997-09-26,CB,Defense,Defensive Coverage,56.99,42.29,1.22,1.79,132.16,198.54,18,76.4000015258789,25.6299991607666,1
7682,2023090700,1679,True,53953,7,right,46,Jerry Jacobs,5-11,198,1997-09-26,CB,Defense,Defensive Coverage,57.08,42.2,1.37,1.82,127.32,198.54,18,76.4000015258789,25.6299991607666,1
7683,2023090700,1679,True,53953,8,right,46,Jerry Jacobs,5-11,198,1997-09-26,CB,Defense,Defensive Coverage,57.23,42.12,1.77,2.82,117.48,196.48,18,76.4000015258789,25.6299991607666,1
7684,2023090700,1679,True,53953,9,right,46,Jerry Jacobs,5-11,198,1997-09-26,CB,Defense,Defensive Coverage,57.41,42.04,2.12,2.92,112.72,195.82,18,76.4000015258789,25.6299991607666,1
7685,2023090700,1679,True,53953,10,right,46,Jerry Jacobs,5-11,198,1997-09-26,CB,Defense,Defensive Coverage,57.63,41.96,2.54,3.08,107.63,193.92,18,76.4000015258789,25.6299991607666,1
7686,2023090700,1679,True,53953,11,right,46,Jerry Jacobs,5-11,198,1997-09-26,CB,Defense,Defensive Coverage,57.89,41.88,2.85,2.66,107.04,191.66,18,76.4000015258789,25.6299991607666,1
7687,2023090700,1679,True,53953,12,right,46,Jerry Jacobs,5-11,198,1997-09-26,CB,Defense,Defensive Coverage,58.19,41.79,3.28,2.75,106.03,191.66,18,76.4000015258789,25.6299991607666,1
7688,2023090700,1679,True,53953,13,right,46,Jerry Jacobs,5-11,198,1997-09-26,CB,Defense,Defensive Coverage,58.52,41.69,3.63,2.83,106.46,187.85,18,76.4000015258789,25.6299991607666,1
7689,2023090700,1679,True,53953,14,right,46,Jerry Jacobs,5-11,198,1997-09-26,CB,Defense,Defensive Coverage,58.88,41.58,3.91,2.36,106.87,186.47,18,76.4000015258789,25.6299991607666,1
7690,2023090700,1679,True,53953,15,right,46,Jerry Jacobs,5-11,198,1997-09-26,CB,Defense,Defensive Coverage,59.27,41.46,4.24,2.13,107.87,184.79,18,76.4000015258789,25.6299991607666,1
7691,2023090700,1679,True,53953,16,right,46,Jerry Jacobs,5-11,198,1997-09-26,CB,Defense,Defensive Coverage,59.69,41.32,4.51,1.81,108.97,184.79,18,76.4000015258789,25.6299991607666,1
7692,2023090700,1679,True,53953,17,right,46,Jerry Jacobs,5-11,198,1997-09-26,CB,Defense,Defensive Coverage,60.14,41.15,4.87,1.91,110.89,184.79,18,76.4000015258789,25.6299991607666,1
7693,2023090700,1679,True,53953,18,right,46,Jerry Jacobs,5-11,198,1997-09-26,CB,Defense,Defensive Coverage,60.6,40.96,5.08,1.73,112.43,186.67,18,76.4000015258789,25.6299991607666,1
7694,2023090700,1679,True,53953,19,right,46,Jerry Jacobs,5-11,198,1997-09-26,CB,Defense,Defensive Coverage,61.09,40.75,5.31,1.6,113.86,186.67,18,76.4000015258789,25.6299991607666,1
7695,2023090700,1679,True,53953,20,right,46,Jerry Jacobs,5-11,198,1997-09-26,CB,Defense,Defensive Coverage,61.59,40.52,5.61,1.69,115.38,184.2,18,76.4000015258789,25.6299991607666,1
7696,2023090700,1679,True,53953,21,right,46,Jerry Jacobs,5-11,198,1997-09-26,CB,Defense,Defensive Coverage,62.11,40.26,5.91,1.91,116.46,186.02,18,76.4000015258789,25.6299991607666,1
7697,2023090700,1679,True,53953,22,right,46,Jerry Jacobs,5-11,198,1997-09-26,CB,Defense,Defensive Coverage,62.65,39.99,6.14,1.87,117.33,187.74,18,76.4000015258789,25.6299991607666,1
7698,2023090700,1679,True,53953,23,right,46,Jerry Jacobs,5-11,198,1997-09-26,CB,Defense,Defensive Coverage,63.2,39.7,6.33,1.71,118.67,188.72,18,76.4000015258789,25.6299991607666,1
7699,2023090700,1679,True,53953,24,right,46,Jerry Jacobs,5-11,198,1997-09-26,CB,Defense,Defensive Coverage,63.77,39.37,6.57,1.77,120.4,187.95,18,76.4000015258789,25.6299991607666,1
7700,2023090700,1679,True,53953,25,right,46,Jerry Jacobs,5-11,198,1997-09-26,CB,Defense,Defensive Coverage,64.34,39.03,6.75,1.54,121.55,189.76,18,76.4000015258789,25.6299991607666,1
7701,2023090700,1679,True,53953,26,right,46,Jerry Jacobs,5-11,198,1997-09-26,CB,Defense,Defensive Coverage,64.92,38.66,6.96,1.46,122.65,189.76,18,76.4000015258789,25.6299991607666,1
7702,2023090700,1679,True,53953,27,right,46,Jerry Jacobs,5-11,198,1997-09-26,CB,Defense,Defensive Coverage,65.51,38.27,7.12,1.35,124.08,187.5,18,76.4000015258789,25.6299991607666,1
7703,2023090700,1679,True,53953,28,right,46,Jerry Jacobs,5-11,198,1997-09-26,CB,Defense,Defensive Coverage,66.11,37.87,7.23,1.09,124.77,187.5,18,76.4000015258789,25.6299991607666,1
7704,2023090700,1679,True,53953,29,right,46,Jerry Jacobs,5-11,198,1997-09-26,CB,Defense,Defensive Coverage,66.71,37.45,7.33,0.68,125.02,185.36,18,76.4000015258789,25.6299991607666,1
7705,2023090700,1679,True,53953,30,right,46,Jerry Jacobs,5-11,198,1997-09-26,CB,Defense,Defensive Coverage,67.33,37.02,7.54,0.34,124.69,184.3,18,76.4000015258789,25.6299991607666,1
7706,2023090700,1679,True,53953,31,right,46,Jerry Jacobs,5-11,198,1997-09-26,CB,Defense,Defensive Coverage,67.96,36.58,7.69,0.17,124.69,183.33,18,76.4000015258789,25.6299991607666,1
7707,2023090700,1679,False,54562,1,right,46,Kerby Joseph,6-1,200,2000-11-14,FS,Defense,Defensive Coverage,56.11,35.6,0.05,0.04,21.87,260.42,18,76.4000015258789,25.6299991607666,1
7708,2023090700,1679,False,54562,2,right,46,Kerby Joseph,6-1,200,2000-11-14,FS,Defense,Defensive Coverage,56.11,35.59,0.04,0.03,22.3,260.42,18,76.4000015258789,25.6299991607666,1
7709,2023090700,1679,False,54562,3,right,46,Kerby Joseph,6-1,200,2000-11-14,FS,Defense,Defensive Coverage,56.1,35.6,0.03,0.03,19.3,260.42,18,76.4000015258789,25.6299991607666,1
7710,2023090700,1679,False,54562,4,right,46,Kerby Joseph,6-1,200,2000-11-14,FS,Defense,Defensive Coverage,56.1,35.58,0.02,0.02,25.17,260.42,18,76.4000015258789,25.6299991607666,1
7711,2023090700,1679,False,54562,5,right,46,Kerby Joseph,6-1,200,2000-11-14,FS,Defense,Defensive Coverage,56.1,35.57,0.02,0.01,20.05,260.42,18,76.4000015258789,25.6299991607666,1
7712,2023090700,1679,False,54562,6,right,46,Kerby Joseph,6-1,200,2000-11-14,FS,Defense,Defensive Coverage,56.1,35.57,0.01,0.18,12.72,260.42,18,76.4000015258789,25.6299991607666,1
7713,2023090700,1679,False,54562,7,right,46,Kerby Joseph,6-1,200,2000-11-14,FS,Defense,Defensive Coverage,56.1,35.58,0.01,0.21,264.42,261.02,18,76.4000015258789,25.6299991607666,1
7714,2023090700,1679,False,54562,8,right,46,Kerby Joseph,6-1,200,2000-11-14,FS,Defense,Defensive Coverage,56.09,35.59,0.05,0.28,334.49,262.05,18,76.4000015258789,25.6299991607666,1
7715,2023090700,1679,False,54562,9,right,46,Kerby Joseph,6-1,200,2000-11-14,FS,Defense,Defensive Coverage,56.09,35.6,0.14,0.64,341.0,263.29,18,76.4000015258789,25.6299991607666,1
7716,2023090700,1679,False,54562,10,right,46,Kerby Joseph,6-1,200,2000-11-14,FS,Defense,Defensive Coverage,56.09,35.62,0.28,1.01,347.85,264.1,18,76.4000015258789,25.6299991607666,1
7717,2023090700,1679,False,54562,11,right,46,Kerby Joseph,6-1,200,2000-11-14,FS,Defense,Defensive Coverage,56.08,35.67,0.52,1.47,351.24,265.52,18,76.4000015258789,25.6299991607666,1
7718,2023090700,1679,False,54562,12,right,46,Kerby Joseph,6-1,200,2000-11-14,FS,Defense,Defensive Coverage,56.07,35.75,0.91,2.68,356.0,266.95,18,76.4000015258789,25.6299991607666,1
7719,2023090700,1679,False,54562,13,right,46,Kerby Joseph,6-1,200,2000-11-14,FS,Defense,Defensive Coverage,56.07,35.86,1.33,3.47,358.52,267.59,18,76.4000015258789,25.6299991607666,1
7720,2023090700,1679,False,54562,14,right,46,Kerby Joseph,6-1,200,2000-11-14,FS,Defense,Defensive Coverage,56.07,36.02,1.78,3.59,0.52,267.59,18,76.4000015258789,25.6299991607666,1
7721,2023090700,1679,False,54562,15,right,46,Kerby Joseph,6-1,200,2000-11-14,FS,Defense,Defensive Coverage,56.07,36.23,2.26,3.55,1.55,269.08,18,76.4000015258789,25.6299991607666,1
7722,2023090700,1679,False,54562,16,right,46,Kerby Joseph,6-1,200,2000-11-14,FS,Defense,Defensive Coverage,56.08,36.48,2.73,3.43,2.92,270.47,18,76.4000015258789,25.6299991607666,1
7723,2023090700,1679,False,54562,17,right,46,Kerby Joseph,6-1,200,2000-11-14,FS,Defense,Defensive Coverage,56.1,36.77,3.07,3.01,4.85,270.47,18,76.4000015258789,25.6299991607666,1
7724,2023090700,1679,False,54562,18,right,46,Kerby Joseph,6-1,200,2000-11-14,FS,Defense,Defensive Coverage,56.14,37.1,3.42,2.65,6.84,269.72,18,76.4000015258789,25.6299991607666,1
7725,2023090700,1679,False,54562,19,right,46,Kerby Joseph,6-1,200,2000-11-14,FS,Defense,Defensive Coverage,56.19,37.45,3.68,2.14,8.33,268.97,18,76.4000015258789,25.6299991607666,1
7726,2023090700,1679,False,54562,20,right,46,Kerby Joseph,6-1,200,2000-11-14,FS,Defense,Defensive Coverage,56.25,37.82,3.83,1.56,9.65,267.93,18,76.4000015258789,25.6299991607666,1
7727,2023090700,1679,False,54562,21,right,46,Kerby Joseph,6-1,200,2000-11-14,FS,Defense,Defensive Coverage,56.33,38.2,3.97,1.22,11.56,267.26,18,76.4000015258789,25.6299991607666,1
7728,2023090700,1679,False,54562,22,right,46,Kerby Joseph,6-1,200,2000-11-14,FS,Defense,Defensive Coverage,56.42,38.6,4.14,1.11,13.16,264.22,18,76.4000015258789,25.6299991607666,1
7729,2023090700,1679,False,54562,23,right,46,Kerby Joseph,6-1,200,2000-11-14,FS,Defense,Defensive Coverage,56.52,39.0,4.16,0.84,14.57,262.38,18,76.4000015258789,25.6299991607666,1
7730,2023090700,1679,False,54562,24,right,46,Kerby Joseph,6-1,200,2000-11-14,FS,Defense,Defensive Coverage,56.63,39.4,4.16,0.79,15.98,260.66,18,76.4000015258789,25.6299991607666,1
7731,2023090700,1679,False,54562,25,right,46,Kerby Joseph,6-1,200,2000-11-14,FS,Defense,Defensive Coverage,56.75,39.8,4.16,0.71,16.76,259.65,18,76.4000015258789,25.6299991607666,1
7732,2023090700,1679,False,54562,26,right,46,Kerby Joseph,6-1,200,2000-11-14,FS,Defense,Defensive Coverage,56.87,40.2,4.13,0.68,17.18,256.2,18,76.4000015258789,25.6299991607666,1
7733,2023090700,1679,False,54562,27,right,46,Kerby Joseph,6-1,200,2000-11-14,FS,Defense,Defensive Coverage,56.99,40.59,4.07,0.75,16.82,252.22,18,76.4000015258789,25.6299991607666,1
7734,2023090700,1679,False,54562,28,right,46,Kerby Joseph,6-1,200,2000-11-14,FS,Defense,Defensive Coverage,57.09,40.98,3.99,0.96,15.51,248.57,18,76.4000015258789,25.6299991607666,1
7735,2023090700,1679,False,54562,29,right,46,Kerby Joseph,6-1,200,2000-11-14,FS,Defense,Defensive Coverage,57.19,41.35,3.78,1.5,14.0,245.41,18,76.4000015258789,25.6299991607666,1
7736,2023090700,1679,False,54562,30,right,46,Kerby Joseph,6-1,200,2000-11-14,FS,Defense,Defensive Coverage,57.27,41.71,3.63,1.78,12.5,243.14,18,76.4000015258789,25.6299991607666,1
7737,2023090700,1679,False,54562,31,right,46,Kerby Joseph,6-1,200,2000-11-14,FS,Defense,Defensive Coverage,57.34,42.06,3.47,2.0,9.98,240.08,18,76.4000015258789,25.6299991607666,1
7738,2023090700,1679,True,54653,1,right,46,Malcolm Rodriguez,5-11,225,1999-03-29,ILB,Defense,Defensive Coverage,50.72,25.97,0.42,1.53,32.98,288.86,18,76.4000015258789,25.6299991607666,1
7739,2023090700,1679,True,54653,2,right,46,Malcolm Rodriguez,5-11,225,1999-03-29,ILB,Defense,Defensive Coverage,50.75,26.0,0.35,1.5,57.0,283.68,18,76.4000015258789,25.6299991607666,1
7740,2023090700,1679,True,54653,3,right,46,Malcolm Rodriguez,5-11,225,1999-03-29,ILB,Defense,Defensive Coverage,50.78,26.01,0.39,1.53,90.25,278.35,18,76.4000015258789,25.6299991607666,1
7741,2023090700,1679,True,54653,4,right,46,Malcolm Rodriguez,5-11,225,1999-03-29,ILB,Defense,Defensive Coverage,50.84,25.99,0.67,1.78,108.96,273.94,18,76.4000015258789,25.6299991607666,1
7742,2023090700,1679,True,54653,5,right,46,Malcolm Rodriguez,5-11,225,1999-03-29,ILB,Defense,Defensive Coverage,50.93,25.95,0.98,2.04,116.64,267.5,18,76.4000015258789,25.6299991607666,1
7743,2023090700,1679,True,54653,6,right,46,Malcolm Rodriguez,5-11,225,1999-03-29,ILB,Defense,Defensive Coverage,51.03,25.89,1.3,2.22,121.22,263.73,18,76.4000015258789,25.6299991607666,1
7744,2023090700,1679,True,54653,7,right,46,Malcolm Rodriguez,5-11,225,1999-03-29,ILB,Defense,Defensive Coverage,51.18,25.81,1.74,2.58,121.69,258.03,18,76.4000015258789,25.6299991607666,1
7745,2023090700,1679,True,54653,8,right,46,Malcolm Rodriguez,5-11,225,1999-03-29,ILB,Defense,Defensive Coverage,51.35,25.7,2.08,2.57,121.53,259.28,18,76.4000015258789,25.6299991607666,1
7746,2023090700,1679,True,54653,9,right,46,Malcolm Rodriguez,5-11,225,1999-03-29,ILB,Defense,Defensive Coverage,51.55,25.58,2.48,2.62,121.38,256.38,18,76.4000015258789,25.6299991607666,1
7747,2023090700,1679,True,54653,10,right,46,Malcolm Rodriguez,5-11,225,1999-03-29,ILB,Defense,Defensive Coverage,51.78,25.45,2.75,2.29,119.98,256.38,18,76.4000015258789,25.6299991607666,1
7748,2023090700,1679,True,54653,11,right,46,Malcolm Rodriguez,5-11,225,1999-03-29,ILB,Defense,Defensive Coverage,52.07,25.3,3.21,2.45,118.58,253.28,18,76.4000015258789,25.6299991607666,1
7749,2023090700,1679,True,54653,12,right,46,Malcolm Rodriguez,5-11,225,1999-03-29,ILB,Defense,Defensive Coverage,52.37,25.14,3.53,2.25,117.98,253.28,18,76.4000015258789,25.6299991607666,1
7750,2023090700,1679,True,54653,13,right,46,Malcolm Rodriguez,5-11,225,1999-03-29,ILB,Defense,Defensive Coverage,52.71,24.97,3.82,2.01,116.77,254.93,18,76.4000015258789,25.6299991607666,1
7751,2023090700,1679,True,54653,14,right,46,Malcolm Rodriguez,5-11,225,1999-03-29,ILB,Defense,Defensive Coverage,53.07,24.79,4.06,1.88,115.76,256.15,18,76.4000015258789,25.6299991607666,1
7752,2023090700,1679,True,54653,15,right,46,Malcolm Rodriguez,5-11,225,1999-03-29,ILB,Defense,Defensive Coverage,53.45,24.62,4.27,1.54,114.62,258.37,18,76.4000015258789,25.6299991607666,1
7753,2023090700,1679,True,54653,16,right,46,Malcolm Rodriguez,5-11,225,1999-03-29,ILB,Defense,Defensive Coverage,53.85,24.44,4.41,1.29,113.34,260.59,18,76.4000015258789,25.6299991607666,1
7754,2023090700,1679,True,54653,17,right,46,Malcolm Rodriguez,5-11,225,1999-03-29,ILB,Defense,Defensive Coverage,54.26,24.27,4.53,0.85,113.04,263.61,18,76.4000015258789,25.6299991607666,1
7755,2023090700,1679,True,54653,18,right,46,Malcolm Rodriguez,5-11,225,1999-03-29,ILB,Defense,Defensive Coverage,54.68,24.09,4.59,0.49,112.4,267.21,18,76.4000015258789,25.6299991607666,1
7756,2023090700,1679,True,54653,19,right,46,Malcolm Rodriguez,5-11,225,1999-03-29,ILB,Defense,Defensive Coverage,55.11,23.91,4.63,0.17,112.68,269.67,18,76.4000015258789,25.6299991607666,1
7757,2023090700,1679,True,54653,20,right,46,Malcolm Rodriguez,5-11,225,1999-03-29,ILB,Defense,Defensive Coverage,55.53,23.73,4.59,0.45,113.43,272.29,18,76.4000015258789,25.6299991607666,1
7758,2023090700,1679,True,54653,21,right,46,Malcolm Rodriguez,5-11,225,1999-03-29,ILB,Defense,Defensive Coverage,55.94,23.55,4.46,0.94,113.49,271.13,18,76.4000015258789,25.6299991607666,1
7759,2023090700,1679,True,54653,22,right,46,Malcolm Rodriguez,5-11,225,1999-03-29,ILB,Defense,Defensive Coverage,56.35,23.38,4.37,1.17,113.47,272.72,18,76.4000015258789,25.6299991607666,1
7760,2023090700,1679,True,54653,23,right,46,Malcolm Rodriguez,5-11,225,1999-03-29,ILB,Defense,Defensive Coverage,56.74,23.21,4.21,1.49,113.23,274.16,18,76.4000015258789,25.6299991607666,1
7761,2023090700,1679,True,54653,24,right,46,Malcolm Rodriguez,5-11,225,1999-03-29,ILB,Defense,Defensive Coverage,57.12,23.05,4.02,1.72,112.68,275.27,18,76.4000015258789,25.6299991607666,1
7762,2023090700,1679,True,54653,25,right,46,Malcolm Rodriguez,5-11,225,1999-03-29,ILB,Defense,Defensive Coverage,57.48,22.91,3.72,2.22,112.22,276.02,18,76.4000015258789,25.6299991607666,1
7763,2023090700,1679,True,54653,26,right,46,Malcolm Rodriguez,5-11,225,1999-03-29,ILB,Defense,Defensive Coverage,57.81,22.77,3.45,2.52,112.26,276.65,18,76.4000015258789,25.6299991607666,1
7764,2023090700,1679,True,54653,27,right,46,Malcolm Rodriguez,5-11,225,1999-03-29,ILB,Defense,Defensive Coverage,58.11,22.65,3.13,2.74,113.06,279.07,18,76.4000015258789,25.6299991607666,1
7765,2023090700,1679,True,54653,28,right,46,Malcolm Rodriguez,5-11,225,1999-03-29,ILB,Defense,Defensive Coverage,58.39,22.53,2.88,2.58,113.57,280.91,18,76.4000015258789,25.6299991607666,1
7766,2023090700,1679,True,54653,29,right,46,Malcolm Rodriguez,5-11,225,1999-03-29,ILB,Defense,Defensive Coverage,58.64,22.42,2.63,2.46,112.58,284.82,18,76.4000015258789,25.6299991607666,1
7767,2023090700,1679,True,54653,30,right,46,Malcolm Rodriguez,5-11,225,1999-03-29,ILB,Defense,Defensive Coverage,58.88,22.33,2.41,2.26,110.61,287.13,18,76.4000015258789,25.6299991607666,1
7768,2023090700,1679,True,54653,31,right,46,Malcolm Rodriguez,5-11,225,1999-03-29,ILB,Defense,Defensive Coverage,59.1,22.26,2.21,2.07,107.96,289.44,18,76.4000015258789,25.6299991607666,1
7769,2023090700,1679,False,41325,1,right,46,Jerick McKinnon,5-9,205,1992-05-03,RB,Offense,Other Route Runner,41.52,32.58,0.0,0.0,62.97,108.76,18,76.4000015258789,25.6299991607666,1
7770,2023090700,1679,False,41325,2,right,46,Jerick McKinnon,5-9,205,1992-05-03,RB,Offense,Other Route Runner,41.52,32.58,0.0,0.0,61.16,107.7,18,76.4000015258789,25.6299991607666,1
7771,2023090700,1679,False,41325,3,right,46,Jerick McKinnon,5-9,205,1992-05-03,RB,Offense,Other Route Runner,41.52,32.58,0.0,0.0,63.95,106.92,18,76.4000015258789,25.6299991607666,1
7772,2023090700,1679,False,41325,4,right,46,Jerick McKinnon,5-9,205,1992-05-03,RB,Offense,Other Route Runner,41.52,32.58,0.0,0.13,342.51,105.39,18,76.4000015258789,25.6299991607666,1
7773,2023090700,1679,False,41325,5,right,46,Jerick McKinnon,5-9,205,1992-05-03,RB,Offense,Other Route Runner,41.51,32.59,0.1,1.43,334.36,103.2,18,76.4000015258789,25.6299991607666,1
7774,2023090700,1679,False,41325,6,right,46,Jerick McKinnon,5-9,205,1992-05-03,RB,Offense,Other Route Runner,41.51,32.61,0.32,2.38,336.28,103.2,18,76.4000015258789,25.6299991607666,1
7775,2023090700,1679,False,41325,7,right,46,Jerick McKinnon,5-9,205,1992-05-03,RB,Offense,Other Route Runner,41.48,32.68,0.8,3.56,335.69,98.07,18,76.4000015258789,25.6299991607666,1
7776,2023090700,1679,False,41325,8,right,46,Jerick McKinnon,5-9,205,1992-05-03,RB,Offense,Other Route Runner,41.43,32.77,1.24,3.83,334.95,94.72,18,76.4000015258789,25.6299991607666,1
7777,2023090700,1679,False,41325,9,right,46,Jerick McKinnon,5-9,205,1992-05-03,RB,Offense,Other Route Runner,41.36,32.91,1.72,4.17,333.95,86.91,18,76.4000015258789,25.6299991607666,1
7778,2023090700,1679,False,41325,10,right,46,Jerick McKinnon,5-9,205,1992-05-03,RB,Offense,Other Route Runner,41.28,33.08,2.15,4.32,333.65,77.72,18,76.4000015258789,25.6299991607666,1
7779,2023090700,1679,False,41325,11,right,46,Jerick McKinnon,5-9,205,1992-05-03,RB,Offense,Other Route Runner,41.16,33.3,2.62,3.85,331.55,70.4,18,76.4000015258789,25.6299991607666,1
7780,2023090700,1679,False,41325,12,right,46,Jerick McKinnon,5-9,205,1992-05-03,RB,Offense,Other Route Runner,41.02,33.54,3.01,3.33,330.32,58.44,18,76.4000015258789,25.6299991607666,1
7781,2023090700,1679,False,41325,13,right,46,Jerick McKinnon,5-9,205,1992-05-03,RB,Offense,Other Route Runner,40.87,33.82,3.3,2.61,329.58,52.49,18,76.4000015258789,25.6299991607666,1
7782,2023090700,1679,False,41325,14,right,46,Jerick McKinnon,5-9,205,1992-05-03,RB,Offense,Other Route Runner,40.71,34.11,3.47,1.74,330.99,50.77,18,76.4000015258789,25.6299991607666,1
7783,2023090700,1679,False,41325,15,right,46,Jerick McKinnon,5-9,205,1992-05-03,RB,Offense,Other Route Runner,40.61,34.44,3.49,1.24,337.89,57.9,18,76.4000015258789,25.6299991607666,1
7784,2023090700,1679,False,41325,16,right,46,Jerick McKinnon,5-9,205,1992-05-03,RB,Offense,Other Route Runner,40.54,34.76,3.42,1.76,344.7,49.17,18,76.4000015258789,25.6299991607666,1
7785,2023090700,1679,False,41325,17,right,46,Jerick McKinnon,5-9,205,1992-05-03,RB,Offense,Other Route Runner,40.46,35.08,3.37,1.99,348.51,49.17,18,76.4000015258789,25.6299991607666,1
7786,2023090700,1679,False,41325,18,right,46,Jerick McKinnon,5-9,205,1992-05-03,RB,Offense,Other Route Runner,40.42,35.42,3.33,2.54,354.3,48.3,18,76.4000015258789,25.6299991607666,1
7787,2023090700,1679,False,41325,19,right,46,Jerick McKinnon,5-9,205,1992-05-03,RB,Offense,Other Route Runner,40.41,35.75,3.41,3.66,1.65,54.15,18,76.4000015258789,25.6299991607666,1
7788,2023090700,1679,False,41325,20,right,46,Jerick McKinnon,5-9,205,1992-05-03,RB,Offense,Other Route Runner,40.43,36.09,3.61,4.15,8.65,54.9,18,76.4000015258789,25.6299991607666,1
7789,2023090700,1679,False,41325,21,right,46,Jerick McKinnon,5-9,205,1992-05-03,RB,Offense,Other Route Runner,40.5,36.45,3.85,3.87,14.84,59.36,18,76.4000015258789,25.6299991607666,1
7790,2023090700,1679,False,41325,22,right,46,Jerick McKinnon,5-9,205,1992-05-03,RB,Offense,Other Route Runner,40.62,36.83,4.11,3.34,19.24,66.06,18,76.4000015258789,25.6299991607666,1
7791,2023090700,1679,False,41325,23,right,46,Jerick McKinnon,5-9,205,1992-05-03,RB,Offense,Other Route Runner,40.77,37.22,4.36,2.64,21.6,74.58,18,76.4000015258789,25.6299991607666,1
7792,2023090700,1679,False,41325,24,right,46,Jerick McKinnon,5-9,205,1992-05-03,RB,Offense,Other Route Runner,40.94,37.64,4.66,2.26,23.65,81.2,18,76.4000015258789,25.6299991607666,1
7793,2023090700,1679,False,41325,25,right,46,Jerick McKinnon,5-9,205,1992-05-03,RB,Offense,Other Route Runner,41.14,38.08,4.9,1.86,25.27,84.77,18,76.4000015258789,25.6299991607666,1
7794,2023090700,1679,False,41325,26,right,46,Jerick McKinnon,5-9,205,1992-05-03,RB,Offense,Other Route Runner,41.36,38.53,5.06,1.33,26.25,90.02,18,76.4000015258789,25.6299991607666,1
7795,2023090700,1679,False,41325,27,right,46,Jerick McKinnon,5-9,205,1992-05-03,RB,Offense,Other Route Runner,41.58,38.99,5.2,0.84,26.25,101.72,18,76.4000015258789,25.6299991607666,1
7796,2023090700,1679,False,41325,28,right,46,Jerick McKinnon,5-9,205,1992-05-03,RB,Offense,Other Route Runner,41.81,39.46,5.25,0.4,26.57,112.59,18,76.4000015258789,25.6299991607666,1
7797,2023090700,1679,False,41325,29,right,46,Jerick McKinnon,5-9,205,1992-05-03,RB,Offense,Other Route Runner,42.05,39.93,5.27,0.23,26.81,119.81,18,76.4000015258789,25.6299991607666,1
7798,2023090700,1679,False,41325,30,right,46,Jerick McKinnon,5-9,205,1992-05-03,RB,Offense,Other Route Runner,42.29,40.4,5.29,0.4,27.36,125.25,18,76.4000015258789,25.6299991607666,1
7799,2023090700,1679,False,41325,31,right,46,Jerick McKinnon,5-9,205,1992-05-03,RB,Offense,Other Route Runner,42.54,40.87,5.28,0.67,28.2,125.25,18,76.4000015258789,25.6299991607666,1
7800,2023090700,1679,False,46213,1,right,46,Justin Watson,6-3,215,1996-04-04,WR,Offense,Other Route Runner,45.04,39.25,0.0,0.0,146.35,99.87,18,76.4000015258789,25.6299991607666,1
7801,2023090700,1679,False,46213,2,right,46,Justin Watson,6-3,215,1996-04-04,WR,Offense,Other Route Runner,45.05,39.25,0.0,0.21,101.04,100.6,18,76.4000015258789,25.6299991607666,1
7802,2023090700,1679,False,46213,3,right,46,Justin Watson,6-3,215,1996-04-04,WR,Offense,Other Route Runner,45.06,39.25,0.15,1.85,109.71,98.11,18,76.4000015258789,25.6299991607666,1
7803,2023090700,1679,False,46213,4,right,46,Justin Watson,6-3,215,1996-04-04,WR,Offense,Other Route Runner,45.1,39.23,0.58,4.06,107.23,98.11,18,76.4000015258789,25.6299991607666,1
7804,2023090700,1679,False,46213,5,right,46,Justin Watson,6-3,215,1996-04-04,WR,Offense,Other Route Runner,45.2,39.21,1.17,4.93,103.23,99.26,18,76.4000015258789,25.6299991607666,1
7805,2023090700,1679,False,46213,6,right,46,Justin Watson,6-3,215,1996-04-04,WR,Offense,Other Route Runner,45.37,39.17,1.87,5.58,104.95,99.26,18,76.4000015258789,25.6299991607666,1
7806,2023090700,1679,False,46213,7,right,46,Justin Watson,6-3,215,1996-04-04,WR,Offense,Other Route Runner,45.61,39.09,2.68,6.28,105.69,98.24,18,76.4000015258789,25.6299991607666,1
7807,2023090700,1679,False,46213,8,right,46,Justin Watson,6-3,215,1996-04-04,WR,Offense,Other Route Runner,45.91,39.01,3.36,5.98,105.44,100.59,18,76.4000015258789,25.6299991607666,1
7808,2023090700,1679,False,46213,9,right,46,Justin Watson,6-3,215,1996-04-04,WR,Offense,Other Route Runner,46.28,38.93,4.02,5.61,104.08,103.45,18,76.4000015258789,25.6299991607666,1
7809,2023090700,1679,False,46213,10,right,46,Justin Watson,6-3,215,1996-04-04,WR,Offense,Other Route Runner,46.71,38.83,4.63,4.95,102.78,101.5,18,76.4000015258789,25.6299991607666,1
7810,2023090700,1679,False,46213,11,right,46,Justin Watson,6-3,215,1996-04-04,WR,Offense,Other Route Runner,47.19,38.72,5.15,4.22,102.92,97.69,18,76.4000015258789,25.6299991607666,1
7811,2023090700,1679,False,46213,12,right,46,Justin Watson,6-3,215,1996-04-04,WR,Offense,Other Route Runner,47.71,38.59,5.61,3.64,104.01,93.87,18,76.4000015258789,25.6299991607666,1
7812,2023090700,1679,False,46213,13,right,46,Justin Watson,6-3,215,1996-04-04,WR,Offense,Other Route Runner,48.27,38.44,5.98,2.84,104.03,93.29,18,76.4000015258789,25.6299991607666,1
7813,2023090700,1679,False,46213,14,right,46,Justin Watson,6-3,215,1996-04-04,WR,Offense,Other Route Runner,48.87,38.3,6.35,2.33,103.82,96.54,18,76.4000015258789,25.6299991607666,1
7814,2023090700,1679,False,46213,15,right,46,Justin Watson,6-3,215,1996-04-04,WR,Offense,Other Route Runner,49.5,38.14,6.63,1.8,104.4,98.16,18,76.4000015258789,25.6299991607666,1
7815,2023090700,1679,False,46213,16,right,46,Justin Watson,6-3,215,1996-04-04,WR,Offense,Other Route Runner,50.16,37.96,6.93,1.64,105.27,98.16,18,76.4000015258789,25.6299991607666,1
7816,2023090700,1679,False,46213,17,right,46,Justin Watson,6-3,215,1996-04-04,WR,Offense,Other Route Runner,50.84,37.77,7.11,1.14,105.68,103.25,18,76.4000015258789,25.6299991607666,1
7817,2023090700,1679,False,46213,18,right,46,Justin Watson,6-3,215,1996-04-04,WR,Offense,Other Route Runner,51.55,37.57,7.38,1.03,106.03,104.07,18,76.4000015258789,25.6299991607666,1
7818,2023090700,1679,False,46213,19,right,46,Justin Watson,6-3,215,1996-04-04,WR,Offense,Other Route Runner,52.27,37.35,7.53,0.86,106.95,103.46,18,76.4000015258789,25.6299991607666,1
7819,2023090700,1679,False,46213,20,right,46,Justin Watson,6-3,215,1996-04-04,WR,Offense,Other Route Runner,53.0,37.11,7.73,1.12,108.53,103.46,18,76.4000015258789,25.6299991607666,1
7820,2023090700,1679,False,46213,21,right,46,Justin Watson,6-3,215,1996-04-04,WR,Offense,Other Route Runner,53.74,36.84,7.85,1.2,109.86,105.86,18,76.4000015258789,25.6299991607666,1
7821,2023090700,1679,False,46213,22,right,46,Justin Watson,6-3,215,1996-04-04,WR,Offense,Other Route Runner,54.49,36.55,7.99,1.58,111.92,109.62,18,76.4000015258789,25.6299991607666,1
7822,2023090700,1679,False,46213,23,right,46,Justin Watson,6-3,215,1996-04-04,WR,Offense,Other Route Runner,55.22,36.23,8.01,1.96,113.77,112.74,18,76.4000015258789,25.6299991607666,1
7823,2023090700,1679,False,46213,24,right,46,Justin Watson,6-3,215,1996-04-04,WR,Offense,Other Route Runner,55.95,35.89,7.97,2.34,116.03,124.05,18,76.4000015258789,25.6299991607666,1
7824,2023090700,1679,False,46213,25,right,46,Justin Watson,6-3,215,1996-04-04,WR,Offense,Other Route Runner,56.65,35.53,7.87,2.54,118.09,135.78,18,76.4000015258789,25.6299991607666,1
7825,2023090700,1679,False,46213,26,right,46,Justin Watson,6-3,215,1996-04-04,WR,Offense,Other Route Runner,57.33,35.14,7.73,2.87,120.56,149.41,18,76.4000015258789,25.6299991607666,1
7826,2023090700,1679,False,46213,27,right,46,Justin Watson,6-3,215,1996-04-04,WR,Offense,Other Route Runner,57.97,34.74,7.53,3.07,122.69,159.67,18,76.4000015258789,25.6299991607666,1
7827,2023090700,1679,False,46213,28,right,46,Justin Watson,6-3,215,1996-04-04,WR,Offense,Other Route Runner,58.58,34.33,7.25,3.31,124.7,169.09,18,76.4000015258789,25.6299991607666,1
7828,2023090700,1679,False,46213,29,right,46,Justin Watson,6-3,215,1996-04-04,WR,Offense,Other Route Runner,59.15,33.92,6.87,3.66,126.82,179.72,18,76.4000015258789,25.6299991607666,1
7829,2023090700,1679,False,46213,30,right,46,Justin Watson,6-3,215,1996-04-04,WR,Offense,Other Route Runner,59.67,33.52,6.43,3.98,128.43,189.13,18,76.4000015258789,25.6299991607666,1
7830,2023090700,1679,False,46213,31,right,46,Justin Watson,6-3,215,1996-04-04,WR,Offense,Other Route Runner,60.15,33.13,6.0,4.12,129.92,200.56,18,76.4000015258789,25.6299991607666,1
7831,2023090700,1679,False,53591,1,right,46,Noah Gray,6-4,240,1999-04-30,TE,Offense,Other Route Runner,43.46,22.49,2.18,2.0,23.53,74.09,18,76.4000015258789,25.6299991607666,1
7832,2023090700,1679,False,53591,2,right,46,Noah Gray,6-4,240,1999-04-30,TE,Offense,Other Route Runner,43.54,22.67,1.95,2.07,25.58,77.27,18,76.4000015258789,25.6299991607666,1
7833,2023090700,1679,False,53591,3,right,46,Noah Gray,6-4,240,1999-04-30,TE,Offense,Other Route Runner,43.63,22.84,1.75,1.96,27.41,82.45,18,76.4000015258789,25.6299991607666,1
7834,2023090700,1679,False,53591,4,right,46,Noah Gray,6-4,240,1999-04-30,TE,Offense,Other Route Runner,43.7,22.98,1.5,1.94,25.98,87.46,18,76.4000015258789,25.6299991607666,1
7835,2023090700,1679,False,53591,5,right,46,Noah Gray,6-4,240,1999-04-30,TE,Offense,Other Route Runner,43.76,23.1,1.28,1.89,26.93,89.61,18,76.4000015258789,25.6299991607666,1
7836,2023090700,1679,False,53591,6,right,46,Noah Gray,6-4,240,1999-04-30,TE,Offense,Other Route Runner,43.81,23.2,1.04,1.9,27.61,91.61,18,76.4000015258789,25.6299991607666,1
7837,2023090700,1679,False,53591,7,right,46,Noah Gray,6-4,240,1999-04-30,TE,Offense,Other Route Runner,43.86,23.28,0.86,1.71,27.92,93.31,18,76.4000015258789,25.6299991607666,1
7838,2023090700,1679,False,53591,8,right,46,Noah Gray,6-4,240,1999-04-30,TE,Offense,Other Route Runner,43.9,23.35,0.69,1.54,29.55,93.31,18,76.4000015258789,25.6299991607666,1
7839,2023090700,1679,False,53591,9,right,46,Noah Gray,6-4,240,1999-04-30,TE,Offense,Other Route Runner,43.93,23.39,0.51,1.46,38.97,95.88,18,76.4000015258789,25.6299991607666,1
7840,2023090700,1679,False,53591,10,right,46,Noah Gray,6-4,240,1999-04-30,TE,Offense,Other Route Runner,43.97,23.43,0.43,1.21,48.82,98.3,18,76.4000015258789,25.6299991607666,1
7841,2023090700,1679,False,53591,11,right,46,Noah Gray,6-4,240,1999-04-30,TE,Offense,Other Route Runner,44.0,23.43,0.3,1.43,85.98,95.64,18,76.4000015258789,25.6299991607666,1
7842,2023090700,1679,False,53591,12,right,46,Noah Gray,6-4,240,1999-04-30,TE,Offense,Other Route Runner,44.04,23.39,0.54,2.06,134.34,91.28,18,76.4000015258789,25.6299991607666,1
7843,2023090700,1679,False,53591,13,right,46,Noah Gray,6-4,240,1999-04-30,TE,Offense,Other Route Runner,44.09,23.32,0.91,2.53,146.41,92.75,18,76.4000015258789,25.6299991607666,1
7844,2023090700,1679,False,53591,14,right,46,Noah Gray,6-4,240,1999-04-30,TE,Offense,Other Route Runner,44.15,23.21,1.35,3.15,153.19,94.18,18,76.4000015258789,25.6299991607666,1
7845,2023090700,1679,False,53591,15,right,46,Noah Gray,6-4,240,1999-04-30,TE,Offense,Other Route Runner,44.21,23.07,1.82,3.94,155.63,93.58,18,76.4000015258789,25.6299991607666,1
7846,2023090700,1679,False,53591,16,right,46,Noah Gray,6-4,240,1999-04-30,TE,Offense,Other Route Runner,44.3,22.88,2.43,4.46,156.58,95.67,18,76.4000015258789,25.6299991607666,1
7847,2023090700,1679,False,53591,17,right,46,Noah Gray,6-4,240,1999-04-30,TE,Offense,Other Route Runner,44.4,22.63,2.96,4.41,157.3,103.82,18,76.4000015258789,25.6299991607666,1
7848,2023090700,1679,False,53591,18,right,46,Noah Gray,6-4,240,1999-04-30,TE,Offense,Other Route Runner,44.52,22.33,3.5,4.04,158.07,112.75,18,76.4000015258789,25.6299991607666,1
7849,2023090700,1679,False,53591,19,right,46,Noah Gray,6-4,240,1999-04-30,TE,Offense,Other Route Runner,44.66,21.98,4.07,3.9,159.42,142.37,18,76.4000015258789,25.6299991607666,1
7850,2023090700,1679,False,53591,20,right,46,Noah Gray,6-4,240,1999-04-30,TE,Offense,Other Route Runner,44.8,21.59,4.47,3.34,159.8,165.64,18,76.4000015258789,25.6299991607666,1
7851,2023090700,1679,False,53591,21,right,46,Noah Gray,6-4,240,1999-04-30,TE,Offense,Other Route Runner,44.96,21.15,4.87,3.02,160.33,192.82,18,76.4000015258789,25.6299991607666,1
7852,2023090700,1679,False,53591,22,right,46,Noah Gray,6-4,240,1999-04-30,TE,Offense,Other Route Runner,45.13,20.67,5.23,2.6,160.91,212.63,18,76.4000015258789,25.6299991607666,1
7853,2023090700,1679,False,53591,23,right,46,Noah Gray,6-4,240,1999-04-30,TE,Offense,Other Route Runner,45.3,20.17,5.47,2.01,161.53,228.05,18,76.4000015258789,25.6299991607666,1
7854,2023090700,1679,False,53591,24,right,46,Noah Gray,6-4,240,1999-04-30,TE,Offense,Other Route Runner,45.47,19.64,5.66,1.51,162.02,232.18,18,76.4000015258789,25.6299991607666,1
7855,2023090700,1679,False,53591,25,right,46,Noah Gray,6-4,240,1999-04-30,TE,Offense,Other Route Runner,45.64,19.09,5.79,1.03,162.92,235.38,18,76.4000015258789,25.6299991607666,1
7856,2023090700,1679,False,53591,26,right,46,Noah Gray,6-4,240,1999-04-30,TE,Offense,Other Route Runner,45.81,18.53,5.93,0.91,164.18,242.31,18,76.4000015258789,25.6299991607666,1
7857,2023090700,1679,False,53591,27,right,46,Noah Gray,6-4,240,1999-04-30,TE,Offense,Other Route Runner,45.96,17.95,6.03,0.9,165.33,248.78,18,76.4000015258789,25.6299991607666,1
7858,2023090700,1679,False,53591,28,right,46,Noah Gray,6-4,240,1999-04-30,TE,Offense,Other Route Runner,46.11,17.37,6.02,0.91,166.26,253.77,18,76.4000015258789,25.6299991607666,1
7859,2023090700,1679,False,53591,29,right,46,Noah Gray,6-4,240,1999-04-30,TE,Offense,Other Route Runner,46.25,16.79,6.01,1.06,167.47,255.23,18,76.4000015258789,25.6299991607666,1
7860,2023090700,1679,False,53591,30,right,46,Noah Gray,6-4,240,1999-04-30,TE,Offense,Other Route Runner,46.37,16.2,6.01,1.21,168.92,254.29,18,76.4000015258789,25.6299991607666,1
7861,2023090700,1679,False,53591,31,right,46,Noah Gray,6-4,240,1999-04-30,TE,Offense,Other Route Runner,46.47,15.61,5.97,1.27,170.08,250.81,18,76.4000015258789,25.6299991607666,1
7862,2023090700,1679,False,54519,1,right,46,Skyy Moore,5-10,195,2000-09-10,WR,Offense,Other Route Runner,44.46,14.38,0.0,0.0,351.26,82.76,18,76.4000015258789,25.6299991607666,1
7863,2023090700,1679,False,54519,2,right,46,Skyy Moore,5-10,195,2000-09-10,WR,Offense,Other Route Runner,44.46,14.38,0.0,0.0,1.46,82.76,18,76.4000015258789,25.6299991607666,1
7864,2023090700,1679,False,54519,3,right,46,Skyy Moore,5-10,195,2000-09-10,WR,Offense,Other Route Runner,44.46,14.38,0.03,0.48,79.22,83.41,18,76.4000015258789,25.6299991607666,1
7865,2023090700,1679,False,54519,4,right,46,Skyy Moore,5-10,195,2000-09-10,WR,Offense,Other Route Runner,44.47,14.38,0.13,1.02,76.09,84.41,18,76.4000015258789,25.6299991607666,1
7866,2023090700,1679,False,54519,5,right,46,Skyy Moore,5-10,195,2000-09-10,WR,Offense,Other Route Runner,44.52,14.39,0.48,2.53,78.43,85.41,18,76.4000015258789,25.6299991607666,1
7867,2023090700,1679,False,54519,6,right,46,Skyy Moore,5-10,195,2000-09-10,WR,Offense,Other Route Runner,44.61,14.39,1.03,3.91,86.0,85.41,18,76.4000015258789,25.6299991607666,1
7868,2023090700,1679,False,54519,7,right,46,Skyy Moore,5-10,195,2000-09-10,WR,Offense,Other Route Runner,44.75,14.4,1.54,4.33,87.18,89.04,18,76.4000015258789,25.6299991607666,1
7869,2023090700,1679,False,54519,8,right,46,Skyy Moore,5-10,195,2000-09-10,WR,Offense,Other Route Runner,44.96,14.41,2.15,4.59,86.77,93.17,18,76.4000015258789,25.6299991607666,1
7870,2023090700,1679,False,54519,9,right,46,Skyy Moore,5-10,195,2000-09-10,WR,Offense,Other Route Runner,45.27,14.42,3.0,5.45,87.58,96.2,18,76.4000015258789,25.6299991607666,1
7871,2023090700,1679,False,54519,10,right,46,Skyy Moore,5-10,195,2000-09-10,WR,Offense,Other Route Runner,45.62,14.42,3.72,5.74,89.52,94.93,18,76.4000015258789,25.6299991607666,1
7872,2023090700,1679,False,54519,11,right,46,Skyy Moore,5-10,195,2000-09-10,WR,Offense,Other Route Runner,46.03,14.43,4.35,5.55,89.55,97.68,18,76.4000015258789,25.6299991607666,1
7873,2023090700,1679,False,54519,12,right,46,Skyy Moore,5-10,195,2000-09-10,WR,Offense,Other Route Runner,46.5,14.43,4.98,5.09,89.32,99.85,18,76.4000015258789,25.6299991607666,1
7874,2023090700,1679,False,54519,13,right,46,Skyy Moore,5-10,195,2000-09-10,WR,Offense,Other Route Runner,47.03,14.44,5.5,4.35,89.09,95.67,18,76.4000015258789,25.6299991607666,1
7875,2023090700,1679,False,54519,14,right,46,Skyy Moore,5-10,195,2000-09-10,WR,Offense,Other Route Runner,47.6,14.45,5.94,3.67,88.33,93.75,18,76.4000015258789,25.6299991607666,1
7876,2023090700,1679,False,54519,15,right,46,Skyy Moore,5-10,195,2000-09-10,WR,Offense,Other Route Runner,48.21,14.47,6.33,3.01,87.86,93.75,18,76.4000015258789,25.6299991607666,1
7877,2023090700,1679,False,54519,16,right,46,Skyy Moore,5-10,195,2000-09-10,WR,Offense,Other Route Runner,48.86,14.5,6.63,2.27,87.05,92.8,18,76.4000015258789,25.6299991607666,1
7878,2023090700,1679,False,54519,17,right,46,Skyy Moore,5-10,195,2000-09-10,WR,Offense,Other Route Runner,49.53,14.54,6.87,1.61,86.58,91.72,18,76.4000015258789,25.6299991607666,1
7879,2023090700,1679,False,54519,18,right,46,Skyy Moore,5-10,195,2000-09-10,WR,Offense,Other Route Runner,50.23,14.58,7.1,1.22,85.99,93.54,18,76.4000015258789,25.6299991607666,1
7880,2023090700,1679,False,54519,19,right,46,Skyy Moore,5-10,195,2000-09-10,WR,Offense,Other Route Runner,50.95,14.64,7.24,0.87,85.32,96.44,18,76.4000015258789,25.6299991607666,1
7881,2023090700,1679,False,54519,20,right,46,Skyy Moore,5-10,195,2000-09-10,WR,Offense,Other Route Runner,51.68,14.69,7.35,0.38,85.46,99.3,18,76.4000015258789,25.6299991607666,1
7882,2023090700,1679,False,54519,21,right,46,Skyy Moore,5-10,195,2000-09-10,WR,Offense,Other Route Runner,52.43,14.75,7.5,0.03,85.92,99.3,18,76.4000015258789,25.6299991607666,1
7883,2023090700,1679,False,54519,22,right,46,Skyy Moore,5-10,195,2000-09-10,WR,Offense,Other Route Runner,53.21,14.79,7.66,0.33,86.75,100.67,18,76.4000015258789,25.6299991607666,1
7884,2023090700,1679,False,54519,23,right,46,Skyy Moore,5-10,195,2000-09-10,WR,Offense,Other Route Runner,53.98,14.82,7.73,0.69,87.74,100.67,18,76.4000015258789,25.6299991607666,1
7885,2023090700,1679,False,54519,24,right,46,Skyy Moore,5-10,195,2000-09-10,WR,Offense,Other Route Runner,54.77,14.83,7.79,1.05,89.03,102.07,18,76.4000015258789,25.6299991607666,1
7886,2023090700,1679,False,54519,25,right,46,Skyy Moore,5-10,195,2000-09-10,WR,Offense,Other Route Runner,55.56,14.81,7.87,1.81,91.37,101.25,18,76.4000015258789,25.6299991607666,1
7887,2023090700,1679,False,54519,26,right,46,Skyy Moore,5-10,195,2000-09-10,WR,Offense,Other Route Runner,56.35,14.77,7.96,2.47,94.14,105.58,18,76.4000015258789,25.6299991607666,1
7888,2023090700,1679,False,54519,27,right,46,Skyy Moore,5-10,195,2000-09-10,WR,Offense,Other Route Runner,57.15,14.69,8.02,2.83,96.63,107.22,18,76.4000015258789,25.6299991607666,1
7889,2023090700,1679,False,54519,28,right,46,Skyy Moore,5-10,195,2000-09-10,WR,Offense,Other Route Runner,57.95,14.58,8.12,2.89,99.22,110.33,18,76.4000015258789,25.6299991607666,1
7890,2023090700,1679,False,54519,29,right,46,Skyy Moore,5-10,195,2000-09-10,WR,Offense,Other Route Runner,58.76,14.43,8.2,2.88,101.76,114.63,18,76.4000015258789,25.6299991607666,1
7891,2023090700,1679,False,54519,30,right,46,Skyy Moore,5-10,195,2000-09-10,WR,Offense,Other Route Runner,59.57,14.25,8.33,2.55,103.53,117.66,18,76.4000015258789,25.6299991607666,1
7892,2023090700,1679,False,54519,31,right,46,Skyy Moore,5-10,195,2000-09-10,WR,Offense,Other Route Runner,60.38,14.04,8.34,2.21,105.08,116.79,18,76.4000015258789,25.6299991607666,1
7893,2023090700,1679,False,44822,1,right,46,Patrick Mahomes,6-3,230,1995-09-17,QB,Offense,Passer,40.8,30.02,0.0,0.0,307.61,83.68,18,76.4000015258789,25.6299991607666,1
7894,2023090700,1679,False,44822,2,right,46,Patrick Mahomes,6-3,230,1995-09-17,QB,Offense,Passer,40.8,30.02,0.0,0.0,306.43,83.68,18,76.4000015258789,25.6299991607666,1
7895,2023090700,1679,False,44822,3,right,46,Patrick Mahomes,6-3,230,1995-09-17,QB,Offense,Passer,40.79,30.02,0.0,0.12,281.19,83.68,18,76.4000015258789,25.6299991607666,1
7896,2023090700,1679,False,44822,4,right,46,Patrick Mahomes,6-3,230,1995-09-17,QB,Offense,Passer,40.79,30.03,0.09,1.02,306.6,84.47,18,76.4000015258789,25.6299991607666,1
7897,2023090700,1679,False,44822,5,right,46,Patrick Mahomes,6-3,230,1995-09-17,QB,Offense,Passer,40.76,30.05,0.37,2.2,301.81,85.77,18,76.4000015258789,25.6299991607666,1
7898,2023090700,1679,False,44822,6,right,46,Patrick Mahomes,6-3,230,1995-09-17,QB,Offense,Passer,40.71,30.08,0.7,2.65,302.29,87.04,18,76.4000015258789,25.6299991607666,1
7899,2023090700,1679,False,44822,7,right,46,Patrick Mahomes,6-3,230,1995-09-17,QB,Offense,Passer,40.62,30.12,1.06,2.95,298.07,88.94,18,76.4000015258789,25.6299991607666,1
7900,2023090700,1679,False,44822,8,right,46,Patrick Mahomes,6-3,230,1995-09-17,QB,Offense,Passer,40.49,30.17,1.46,3.04,294.49,90.93,18,76.4000015258789,25.6299991607666,1
7901,2023090700,1679,False,44822,9,right,46,Patrick Mahomes,6-3,230,1995-09-17,QB,Offense,Passer,40.31,30.23,1.92,3.24,290.9,93.12,18,76.4000015258789,25.6299991607666,1
7902,2023090700,1679,False,44822,10,right,46,Patrick Mahomes,6-3,230,1995-09-17,QB,Offense,Passer,40.11,30.3,2.26,3.17,288.93,96.36,18,76.4000015258789,25.6299991607666,1
7903,2023090700,1679,False,44822,11,right,46,Patrick Mahomes,6-3,230,1995-09-17,QB,Offense,Passer,39.87,30.37,2.59,2.98,286.26,101.75,18,76.4000015258789,25.6299991607666,1
7904,2023090700,1679,False,44822,12,right,46,Patrick Mahomes,6-3,230,1995-09-17,QB,Offense,Passer,39.59,30.42,2.94,2.89,281.97,107.51,18,76.4000015258789,25.6299991607666,1
7905,2023090700,1679,False,44822,13,right,46,Patrick Mahomes,6-3,230,1995-09-17,QB,Offense,Passer,39.28,30.47,3.24,2.79,277.98,114.79,18,76.4000015258789,25.6299991607666,1
7906,2023090700,1679,False,44822,14,right,46,Patrick Mahomes,6-3,230,1995-09-17,QB,Offense,Passer,38.95,30.51,3.47,2.42,275.18,120.89,18,76.4000015258789,25.6299991607666,1
7907,2023090700,1679,False,44822,15,right,46,Patrick Mahomes,6-3,230,1995-09-17,QB,Offense,Passer,38.6,30.53,3.62,1.97,272.49,127.14,18,76.4000015258789,25.6299991607666,1
7908,2023090700,1679,False,44822,16,right,46,Patrick Mahomes,6-3,230,1995-09-17,QB,Offense,Passer,38.23,30.54,3.76,1.7,269.86,131.16,18,76.4000015258789,25.6299991607666,1
7909,2023090700,1679,False,44822,17,right,46,Patrick Mahomes,6-3,230,1995-09-17,QB,Offense,Passer,37.85,30.53,3.82,1.33,268.1,135.25,18,76.4000015258789,25.6299991607666,1
7910,2023090700,1679,False,44822,18,right,46,Patrick Mahomes,6-3,230,1995-09-17,QB,Offense,Passer,37.47,30.52,3.82,1.02,266.63,137.3,18,76.4000015258789,25.6299991607666,1
7911,2023090700,1679,False,44822,19,right,46,Patrick Mahomes,6-3,230,1995-09-17,QB,Offense,Passer,37.09,30.49,3.76,0.96,265.44,139.59,18,76.4000015258789,25.6299991607666,1
7912,2023090700,1679,False,44822,20,right,46,Patrick Mahomes,6-3,230,1995-09-17,QB,Offense,Passer,36.73,30.46,3.53,1.54,264.11,141.41,18,76.4000015258789,25.6299991607666,1
7913,2023090700,1679,False,44822,21,right,46,Patrick Mahomes,6-3,230,1995-09-17,QB,Offense,Passer,36.39,30.42,3.22,2.29,263.26,144.81,18,76.4000015258789,25.6299991607666,1
7914,2023090700,1679,False,44822,22,right,46,Patrick Mahomes,6-3,230,1995-09-17,QB,Offense,Passer,36.1,30.39,2.72,3.37,263.37,148.09,18,76.4000015258789,25.6299991607666,1
7915,2023090700,1679,False,44822,23,right,46,Patrick Mahomes,6-3,230,1995-09-17,QB,Offense,Passer,35.87,30.36,2.2,3.99,263.73,151.19,18,76.4000015258789,25.6299991607666,1
7916,2023090700,1679,False,44822,24,right,46,Patrick Mahomes,6-3,230,1995-09-17,QB,Offense,Passer,35.68,30.34,1.68,4.36,263.46,160.02,18,76.4000015258789,25.6299991607666,1
7917,2023090700,1679,False,44822,25,right,46,Patrick Mahomes,6-3,230,1995-09-17,QB,Offense,Passer,35.54,30.32,1.17,4.5,262.33,164.59,18,76.4000015258789,25.6299991607666,1
7918,2023090700,1679,False,44822,26,right,46,Patrick Mahomes,6-3,230,1995-09-17,QB,Offense,Passer,35.45,30.31,0.61,4.54,264.5,169.8,18,76.4000015258789,25.6299991607666,1
7919,2023090700,1679,False,44822,27,right,46,Patrick Mahomes,6-3,230,1995-09-17,QB,Offense,Passer,35.43,30.31,0.04,4.66,349.36,164.01,18,76.4000015258789,25.6299991607666,1
7920,2023090700,1679,False,44822,28,right,46,Patrick Mahomes,6-3,230,1995-09-17,QB,Offense,Passer,35.45,30.32,0.45,4.18,75.33,161.8,18,76.4000015258789,25.6299991607666,1
7921,2023090700,1679,False,44822,29,right,46,Patrick Mahomes,6-3,230,1995-09-17,QB,Offense,Passer,35.51,30.33,0.8,3.53,79.09,158.49,18,76.4000015258789,25.6299991607666,1
7922,2023090700,1679,False,44822,30,right,46,Patrick Mahomes,6-3,230,1995-09-17,QB,Offense,Passer,35.6,30.34,1.07,2.74,82.14,150.7,18,76.4000015258789,25.6299991607666,1
7923,2023090700,1679,False,44822,31,right,46,Patrick Mahomes,6-3,230,1995-09-17,QB,Offense,Passer,35.7,30.35,1.09,1.46,84.82,135.0,18,76.4000015258789,25.6299991607666,1
7924,2023090700,1679,True,46243,1,right,46,Marquez Valdes-Scantling,6-4,207,1994-10-10,WR,Offense,Targeted Receiver,44.99,20.59,0.0,0.0,144.38,100.18,18,76.4000015258789,25.6299991607666,1
7925,2023090700,1679,True,46243,2,right,46,Marquez Valdes-Scantling,6-4,207,1994-10-10,WR,Offense,Targeted Receiver,45.0,20.59,0.0,0.15,89.23,98.67,18,76.4000015258789,25.6299991607666,1
7926,2023090700,1679,True,46243,3,right,46,Marquez Valdes-Scantling,6-4,207,1994-10-10,WR,Offense,Targeted Receiver,45.01,20.59,0.13,1.59,86.34,98.67,18,76.4000015258789,25.6299991607666,1
7927,2023090700,1679,True,46243,4,right,46,Marquez Valdes-Scantling,6-4,207,1994-10-10,WR,Offense,Targeted Receiver,45.04,20.59,0.44,3.1,84.16,98.67,18,76.4000015258789,25.6299991607666,1
7928,2023090700,1679,True,46243,5,right,46,Marquez Valdes-Scantling,6-4,207,1994-10-10,WR,Offense,Targeted Receiver,45.12,20.6,0.95,4.42,82.13,98.67,18,76.4000015258789,25.6299991607666,1
7929,2023090700,1679,True,46243,6,right,46,Marquez Valdes-Scantling,6-4,207,1994-10-10,WR,Offense,Targeted Receiver,45.26,20.61,1.6,5.24,84.5,96.35,18,76.4000015258789,25.6299991607666,1
7930,2023090700,1679,True,46243,7,right,46,Marquez Valdes-Scantling,6-4,207,1994-10-10,WR,Offense,Targeted Receiver,45.48,20.64,2.39,6.06,83.3,94.39,18,76.4000015258789,25.6299991607666,1
7931,2023090700,1679,True,46243,8,right,46,Marquez Valdes-Scantling,6-4,207,1994-10-10,WR,Offense,Targeted Receiver,45.76,20.67,3.09,6.14,83.42,93.02,18,76.4000015258789,25.6299991607666,1
7932,2023090700,1679,True,46243,9,right,46,Marquez Valdes-Scantling,6-4,207,1994-10-10,WR,Offense,Targeted Receiver,46.11,20.71,3.73,5.6,83.2,91.73,18,76.4000015258789,25.6299991607666,1
7933,2023090700,1679,True,46243,10,right,46,Marquez Valdes-Scantling,6-4,207,1994-10-10,WR,Offense,Targeted Receiver,46.52,20.75,4.37,5.2,84.15,89.63,18,76.4000015258789,25.6299991607666,1
7934,2023090700,1679,True,46243,11,right,46,Marquez Valdes-Scantling,6-4,207,1994-10-10,WR,Offense,Targeted Receiver,47.0,20.8,5.05,5.09,84.81,86.26,18,76.4000015258789,25.6299991607666,1
7935,2023090700,1679,True,46243,12,right,46,Marquez Valdes-Scantling,6-4,207,1994-10-10,WR,Offense,Targeted Receiver,47.53,20.84,5.55,4.4,85.36,82.58,18,76.4000015258789,25.6299991607666,1
7936,2023090700,1679,True,46243,13,right,46,Marquez Valdes-Scantling,6-4,207,1994-10-10,WR,Offense,Targeted Receiver,48.11,20.88,6.03,3.79,86.2,81.69,18,76.4000015258789,25.6299991607666,1
7937,2023090700,1679,True,46243,14,right,46,Marquez Valdes-Scantling,6-4,207,1994-10-10,WR,Offense,Targeted Receiver,48.73,20.92,6.45,3.2,87.1,82.5,18,76.4000015258789,25.6299991607666,1
7938,2023090700,1679,True,46243,15,right,46,Marquez Valdes-Scantling,6-4,207,1994-10-10,WR,Offense,Targeted Receiver,49.4,20.94,6.85,2.78,87.81,84.46,18,76.4000015258789,25.6299991607666,1
7939,2023090700,1679,True,46243,16,right,46,Marquez Valdes-Scantling,6-4,207,1994-10-10,WR,Offense,Targeted Receiver,50.1,20.97,7.11,2.13,88.33,84.46,18,76.4000015258789,25.6299991607666,1
7940,2023090700,1679,True,46243,17,right,46,Marquez Valdes-Scantling,6-4,207,1994-10-10,WR,Offense,Targeted Receiver,50.82,20.99,7.31,1.41,88.87,86.68,18,76.4000015258789,25.6299991607666,1
7941,2023090700,1679,True,46243,18,right,46,Marquez Valdes-Scantling,6-4,207,1994-10-10,WR,Offense,Targeted Receiver,51.58,20.98,7.6,1.41,90.3,91.22,18,76.4000015258789,25.6299991607666,1
7942,2023090700,1679,True,46243,19,right,46,Marquez Valdes-Scantling,6-4,207,1994-10-10,WR,Offense,Targeted Receiver,52.36,20.97,7.84,1.42,91.64,85.86,18,76.4000015258789,25.6299991607666,1
7943,2023090700,1679,True,46243,20,right,46,Marquez Valdes-Scantling,6-4,207,1994-10-10,WR,Offense,Targeted Receiver,53.15,20.93,8.01,1.32,92.57,85.02,18,76.4000015258789,25.6299991607666,1
7944,2023090700,1679,True,46243,21,right,46,Marquez Valdes-Scantling,6-4,207,1994-10-10,WR,Offense,Targeted Receiver,53.97,20.89,8.2,1.1,93.2,83.93,18,76.4000015258789,25.6299991607666,1
7945,2023090700,1679,True,46243,22,right,46,Marquez Valdes-Scantling,6-4,207,1994-10-10,WR,Offense,Targeted Receiver,54.8,20.84,8.39,1.05,93.91,86.9,18,76.4000015258789,25.6299991607666,1
7946,2023090700,1679,True,46243,23,right,46,Marquez Valdes-Scantling,6-4,207,1994-10-10,WR,Offense,Targeted Receiver,55.65,20.78,8.5,0.82,94.43,86.9,18,76.4000015258789,25.6299991607666,1
7947,2023090700,1679,True,46243,24,right,46,Marquez Valdes-Scantling,6-4,207,1994-10-10,WR,Offense,Targeted Receiver,56.51,20.71,8.66,0.59,94.66,80.73,18,76.4000015258789,25.6299991607666,1
7948,2023090700,1679,True,46243,25,right,46,Marquez Valdes-Scantling,6-4,207,1994-10-10,WR,Offense,Targeted Receiver,57.38,20.64,8.86,0.36,94.36,79.64,18,76.4000015258789,25.6299991607666,1
7949,2023090700,1679,True,46243,26,right,46,Marquez Valdes-Scantling,6-4,207,1994-10-10,WR,Offense,Targeted Receiver,58.29,20.58,9.08,0.44,93.72,84.58,18,76.4000015258789,25.6299991607666,1
7950,2023090700,1679,True,46243,27,right,46,Marquez Valdes-Scantling,6-4,207,1994-10-10,WR,Offense,Targeted Receiver,59.2,20.53,9.13,0.55,93.15,80.4,18,76.4000015258789,25.6299991607666,1
7951,2023090700,1679,True,46243,28,right,46,Marquez Valdes-Scantling,6-4,207,1994-10-10,WR,Offense,Targeted Receiver,60.12,20.49,9.2,0.88,92.29,71.28,18,76.4000015258789,25.6299991607666,1
7952,2023090700,1679,True,46243,29,right,46,Marquez Valdes-Scantling,6-4,207,1994-10-10,WR,Offense,Targeted Receiver,61.04,20.46,9.22,1.17,91.44,65.85,18,76.4000015258789,25.6299991607666,1
7953,2023090700,1679,True,46243,30,right,46,Marquez Valdes-Scantling,6-4,207,1994-10-10,WR,Offense,Targeted Receiver,61.98,20.45,9.29,1.42,90.19,65.85,18,76.4000015258789,25.6299991607666,1
7954,2023090700,1679,True,46243,31,right,46,Marquez Valdes-Scantling,6-4,207,1994-10-10,WR,Offense,Targeted Receiver,62.91,20.46,9.26,1.65,89.13,59.8,18,76.4000015258789,25.6299991607666,1
